{"cameraMode":{"drawMode":0,"name":"Shaded","section":"Shading Mode"},"sceneLighting":true,"audioPlay":false,"sceneViewState":{"showFog":true,"showMaterialUpdate":true,"showSkybox":true,"showFlares":true,"showImageEffects":true,"showParticleSystems":true},"in2DMode":false,"pivot":{"x":-17.530967712402345,"y":-31.200624465942384,"z":8.512054443359375},"rotation":{"x":0.39794406294822695,"y":-0.4085817337036133,"z":0.20481114089488984,"w":0.7957965731620789},"size":86.35563659667969,"orthographic":false}