{"cameraMode":{"drawMode":0,"name":"Shaded","section":"Shading Mode"},"sceneLighting":true,"audioPlay":false,"sceneViewState":{"showFog":true,"showMaterialUpdate":true,"showSkybox":true,"showFlares":true,"showImageEffects":true,"showParticleSystems":true},"in2DMode":false,"pivot":{"x":-8.419534683227539,"y":-1.083285927772522,"z":-7.596488952636719},"rotation":{"x":0.383098840713501,"y":-0.2903018593788147,"z":0.1286274790763855,"w":0.8677213788032532},"size":53.21223449707031,"orthographic":false}