{"cameraMode":{"drawMode":0,"name":"Shaded","section":"Shading Mode"},"sceneLighting":false,"audioPlay":false,"sceneViewState":{"showFog":true,"showMaterialUpdate":true,"showSkybox":false,"showFlares":true,"showImageEffects":true,"showParticleSystems":true},"in2DMode":false,"pivot":{"x":256.779052734375,"y":338.43231201171877,"z":-9.2247314453125},"rotation":{"x":0.0013326306361705065,"y":-0.9977967143058777,"z":-0.065559521317482,"w":-0.024194365367293359},"size":1147.335205078125,"orthographic":false}